{"City":{"0":"Calgary","1":"Edmonton","2":"Gander","3":"Halifax","4":"Hamilton","5":"Kelowna","6":"London","7":"Moncton","8":"Montreal","9":"Ottawa","10":"Quebec","11":"Regina","12":"Saskatoon","13":"St. John's","14":"Toronto","15":"Vancouver","16":"Victoria","17":"Whitehorse","18":"Winnipeg"},"TransportScaledScore":{"0":0.8761329709,"1":0.6888216457,"2":0.5203929576,"3":0.3323262993,"4":0.640483321,"5":0.4169183099,"6":0.5377642369,"7":0.1661631497,"8":0.9577038794,"9":0.758308146,"10":0.7009062845,"11":0.9214501935,"12":0.6858005436,"13":0.0,"14":1.0,"15":0.9909364633,"16":0.9214501935,"17":0.5203929576,"18":0.8549847954},"ParksScaledScore":{"0":0.6153846154,"1":0.6923076923,"2":0.6009615385,"3":0.9230769231,"4":0.4615384615,"5":0.3846153846,"6":0.3846153846,"7":1.0,"8":0.8461538462,"9":0.6009615385,"10":0.2307692308,"11":0.9230769231,"12":0.6923076923,"13":0.0,"14":0.3846153846,"15":0.5384615385,"16":0.9230769231,"17":0.6009615385,"18":0.6153846154},"CostScaledScore":{"0":0.6388161002,"1":0.845613343,"2":0.6942606072,"3":1.0,"4":0.6942606072,"5":0.8760280673,"6":0.6942606072,"7":0.6942606072,"8":1.0,"9":0.5251765588,"10":0.6942606072,"11":0.6942606072,"12":0.6942606072,"13":0.6942606072,"14":0.0,"15":0.1762446209,"16":0.5532918679,"17":0.6942606072,"18":0.6942606072},"HealthScaledScore":{"0":0.7000258004,"1":0.7000258004,"2":0.9060324646,"3":1.0,"4":0.518364851,"5":0.8143171545,"6":0.518364851,"7":0.6481705089,"8":0.6542894313,"9":0.518364851,"10":0.6542894313,"11":0.0691429927,"12":0.0691429927,"13":0.9060324646,"14":0.518364851,"15":0.8143171545,"16":0.8143171545,"17":0.0,"18":0.3789164416},"WealthScaledScore":{"0":0.4001562093,"1":0.4001562093,"2":0.0351470971,"3":0.0481645405,"4":1.0,"5":0.3420984119,"6":1.0,"7":0.0395730279,"8":0.510804478,"9":1.0,"10":0.510804478,"11":0.0908617548,"12":0.0908617548,"13":0.0351470971,"14":1.0,"15":0.3420984119,"16":0.3420984119,"17":0.0,"18":0.0814891955},"TotalScore":{"0":2.2045543305,"1":2.3189882393,"2":1.9360915371,"3":2.9648315981,"4":2.3739365454,"5":1.8693187975,"6":2.1878192781,"7":1.9312990162,"8":3.3221889267,"9":2.4806985516,"10":1.7155377229,"11":2.1961758677,"12":1.4446467291,"13":1.3041279361,"14":2.4166311128,"15":2.0831018206,"16":2.7874171077,"17":1.1139613918,"18":1.7419131746},"Cluster":{"0":0,"1":0,"2":2,"3":2,"4":1,"5":2,"6":1,"7":2,"8":0,"9":1,"10":0,"11":3,"12":3,"13":2,"14":1,"15":0,"16":0,"17":3,"18":3},"Province":{"0":"Alberta","1":"Alberta","2":"Newfoundland and Labrador","3":"Nova Scotia","4":"Ontario","5":"British Columbia","6":"Ontario","7":"New Brunswick","8":"Quebec","9":"Ontario","10":"Quebec","11":"Saskatchewan","12":"Saskatchewan","13":"Newfoundland and Labrador","14":"Ontario","15":"British Columbia","16":"British Columbia","17":"Yukon","18":"Manitoba"},"Latitude":{"0":51.0534234,"1":53.535411,"2":48.9592291,"3":44.648618,"4":43.2560802,"5":49.889326,"6":42.9836747,"7":46.097995,"8":45.4972159,"9":45.421106,"10":46.8259601,"11":50.44876,"12":52.131802,"13":47.561701,"14":43.6534817,"15":49.2608724,"16":48.4283182,"17":60.721571,"18":49.8955367},"Longitude":{"0":-114.0625892,"1":-113.507996,"2":-54.6187879,"3":-63.5859487,"4":-79.8728583,"5":-119.498291,"6":-81.2496068,"7":-64.80011,"8":-73.6103642,"9":-75.690308,"10":-71.2352226,"11":-104.61731,"12":-106.660767,"13":-52.715149,"14":-79.3839347,"15":-123.1139529,"16":-123.3649533,"17":-135.054932,"18":-97.1384584}}